PassengerId,Transported
0002_01,True
0006_01,True
0006_02,True
0007_01,True
0008_01,True
0008_02,True
0008_03,True
0009_01,True
0011_01,True
0012_01,True
0016_01,True
0017_01,True
0020_01,True
0020_02,True
0020_03,True
0020_04,True
0020_05,True
0020_06,True
0024_01,True
0031_01,True
0031_02,True
0031_03,True
0034_01,True
0041_01,True
0044_02,True
0044_03,True
0045_02,True
0053_01,True
0056_01,True
0056_02,True
0056_03,True
0064_01,True
0064_02,True
0067_01,True
0067_02,True
0069_01,True
0071_01,True
0074_01,True
0076_01,True
0077_01,True
0081_01,True
0082_02,True
0082_03,True
0085_01,True
0088_01,True
0090_01,True
0091_01,True
0092_01,True
0092_02,True
0092_03,True
0098_02,True
0101_01,True
0103_02,True
0108_01,True
0108_03,True
0110_03,True
0110_04,True
0111_01,True
0112_01,True
0113_01,True
0115_01,True
0116_01,True
0119_02,True
0120_01,True
0126_01,True
0133_01,True
0134_01,True
0138_01,True
0139_01,True
0140_01,True
0144_01,True
0149_01,True
0163_01,True
0163_02,True
0165_01,True
0167_01,True
0173_01,True
0179_01,True
0179_02,True
0182_01,True
0183_01,True
0192_01,True
0193_01,True
0193_03,True
0195_01,True
0199_01,True
0200_01,True
0201_01,True
0201_02,True
0202_01,True
0202_02,True
0203_01,True
0206_01,True
0207_01,True
0210_01,True
0211_02,True
0219_01,True
0220_01,True
0220_02,True
0220_03,True
0220_06,True
0220_07,True
0221_04,True
0221_07,True
0222_02,True
0222_03,True
0225_01,True
0237_01,True
0240_01,True
0243_01,True
0244_01,True
0244_02,True
0245_01,True
0251_01,True
0254_01,True
0255_01,True
0257_02,True
0263_01,True
0265_01,True
0269_01,True
0275_01,True
0277_01,True
0281_01,True
0282_01,True
0283_01,True
0283_02,True
0285_01,True
0285_02,True
0287_01,True
0289_01,True
0290_01,True
0290_02,True
0290_03,True
0290_04,True
0291_01,True
0294_01,True
0297_01,True
0298_01,True
0301_01,True
0303_01,True
0307_01,True
0313_01,True
0313_02,True
0313_03,True
0313_04,True
0315_01,True
0316_01,True
0316_02,True
0322_01,True
0324_01,True
0326_01,True
0327_01,True
0330_01,True
0330_02,True
0333_01,True
0337_01,True
0337_02,True
0337_03,True
0338_01,True
0340_01,True
0346_01,True
0348_01,True
0350_01,True
0355_01,True
0356_01,True
0358_02,True
0361_01,True
0368_02,True
0371_01,True
0373_01,True
0376_01,True
0378_02,True
0378_04,True
0378_05,True
0378_07,True
0379_01,True
0380_01,True
0381_01,True
0381_02,True
0384_01,True
0384_02,True
0388_01,True
0391_01,True
0396_01,True
0397_01,True
0402_01,True
0403_01,True
0407_03,True
0412_01,True
0415_01,True
0417_01,True
0417_03,True
0423_01,True
0425_02,True
0425_03,True
0427_01,True
0428_01,True
0429_01,True
0429_02,True
0430_01,True
0431_01,True
0433_01,True
0434_01,True
0435_01,True
0436_01,True
0437_02,True
0438_01,True
0442_01,True
0446_01,True
0447_01,True
0448_02,True
0449_01,True
0452_01,True
0453_01,True
0453_02,True
0453_03,True
0454_01,True
0454_02,True
0454_03,True
0457_01,True
0458_01,True
0460_01,True
0461_01,True
0461_03,True
0468_01,True
0470_01,True
0470_02,True
0471_02,True
0474_01,True
0476_02,True
0476_03,True
0481_01,True
0488_01,True
0490_01,True
0498_01,True
0498_02,True
0499_01,True
0500_01,True
0503_01,True
0504_01,True
0504_02,True
0504_03,True
0504_05,True
0504_06,True
0506_01,True
0510_01,True
0512_01,True
0512_02,True
0513_01,True
0515_01,True
0518_01,True
0519_01,True
0521_01,True
0523_01,True
0525_01,True
0527_02,True
0531_01,True
0531_02,True
0538_01,True
0539_01,True
0539_02,True
0539_03,True
0539_04,True
0540_01,True
0547_01,True
0548_01,True
0549_01,True
0549_02,True
0552_01,True
0553_01,True
0553_02,True
0555_01,True
0556_01,True
0560_02,True
0560_03,True
0564_01,True
0564_02,True
0566_01,True
0567_01,True
0568_02,True
0569_01,True
0570_01,True
0571_01,True
0571_02,True
0571_03,True
0571_04,True
0571_05,True
0571_07,True
0573_01,True
0575_01,True
0579_01,True
0582_01,True
0583_01,True
0583_02,True
0583_03,True
0585_01,True
0585_02,True
0586_01,True
0588_01,True
0596_01,True
0597_01,True
0598_01,True
0599_01,True
0599_02,True
0599_04,True
0600_01,True
0602_01,True
0602_03,True
0611_01,True
0612_01,True
0615_01,True
0615_03,True
0618_01,True
0619_01,True
0619_02,True
0623_01,True
0628_01,True
0630_01,True
0631_01,True
0635_01,True
0638_01,True
0639_01,True
0642_01,True
0642_02,True
0642_04,True
0642_05,True
0643_01,True
0644_01,True
0646_01,True
0647_01,True
0647_02,True
0650_01,True
0655_01,True
0657_01,True
0659_01,True
0660_01,True
0663_01,True
0665_01,True
0677_01,True
0682_01,True
0684_01,True
0684_02,True
0684_03,True
0686_01,True
0689_01,True
0690_01,True
0691_03,True
0693_01,True
0696_01,True
0697_01,True
0699_01,True
0701_01,True
0703_01,True
0704_01,True
0705_01,True
0709_01,True
0709_02,True
0709_03,True
0712_02,True
0714_06,True
0714_07,True
0715_01,True
0728_01,True
0729_01,True
0732_01,True
0737_01,True
0738_01,True
0740_02,True
0753_01,True
0753_03,True
0754_01,True
0756_01,True
0756_03,True
0761_01,True
0768_02,True
0769_01,True
0770_01,True
0770_05,True
0772_02,True
0772_03,True
0772_04,True
0776_01,True
0782_01,True
0784_01,True
0786_01,True
0789_03,True
0790_01,True
0794_01,True
0794_02,True
0796_01,True
0798_01,True
0802_01,True
0805_01,True
0809_01,True
0809_04,True
0811_02,True
0811_03,True
0813_01,True
0817_01,True
0818_01,True
0819_01,True
0820_01,True
0822_01,True
0823_01,True
0823_02,True
0825_01,True
0826_01,True
0828_02,True
0829_01,True
0830_01,True
0833_01,True
0846_01,True
0848_01,True
0848_02,True
0849_01,True
0849_02,True
0850_01,True
0853_01,True
0859_01,True
0863_01,True
0865_01,True
0865_02,True
0868_01,True
0871_01,True
0877_01,True
0885_01,True
0885_02,True
0889_01,True
0889_02,True
0893_01,True
0899_01,True
0899_02,True
0901_01,True
0902_01,True
0903_01,True
0906_01,True
0910_01,True
0911_02,True
0912_01,True
0921_01,True
0922_01,True
0923_01,True
0923_02,True
0925_02,True
0925_03,True
0926_01,True
0928_01,True
0930_02,True
0931_01,True
0932_01,True
0933_01,True
0938_02,True
0938_03,True
0939_01,True
0940_01,True
0944_02,True
0946_01,True
0949_01,True
0951_01,True
0955_01,True
0956_01,True
0957_01,True
0961_01,True
0964_01,True
0964_02,True
0969_01,True
0970_01,True
0971_01,True
0975_01,True
0976_01,True
0979_01,True
0982_01,True
0983_01,True
0984_04,True
0984_06,True
0984_07,True
0984_08,True
0988_02,True
0992_01,True
0992_03,True
0992_05,True
0995_01,True
0998_01,True
1001_01,True
1002_01,True
1002_03,True
1004_01,True
1006_02,True
1006_03,True
1008_01,True
1008_02,True
1011_02,True
1012_01,True
1014_01,True
1018_01,True
1019_01,True
1020_01,True
1024_02,True
1024_04,True
1027_01,True
1027_04,True
1029_01,True
1032_01,True
1033_01,True
1035_01,True
1036_01,True
1041_01,True
1045_01,True
1047_01,True
1048_01,True
1049_01,True
1049_02,True
1054_01,True
1056_01,True
1056_02,True
1057_01,True
1063_02,True
1065_01,True
1066_01,True
1068_01,True
1075_01,True
1075_02,True
1083_01,True
1083_02,True
1083_03,True
1086_01,True
1086_03,True
1088_01,True
1089_01,True
1091_01,True
1093_01,True
1095_01,True
1097_01,True
1100_02,True
1108_02,True
1110_02,True
1112_01,True
1115_01,True
1116_02,True
1121_01,True
1127_01,True
1130_01,True
1130_02,True
1132_01,True
1134_01,True
1136_01,True
1140_01,True
1140_02,True
1140_03,True
1141_01,True
1142_01,True
1147_01,True
1148_01,True
1148_03,True
1148_04,True
1148_05,True
1148_06,True
1149_04,True
1150_01,True
1153_01,True
1154_01,True
1154_02,True
1154_03,True
1155_02,True
1156_02,True
1161_01,True
1162_01,True
1163_01,True
1165_03,True
1165_04,True
1167_01,True
1173_01,True
1174_01,True
1175_01,True
1177_01,True
1179_01,True
1182_01,True
1182_03,True
1186_01,True
1187_01,True
1190_01,True
1193_01,True
1193_02,True
1195_01,True
1198_01,True
1210_01,True
1211_01,True
1211_05,True
1211_07,True
1213_01,True
1214_01,True
1215_01,True
1216_01,True
1223_01,True
1225_01,True
1228_01,True
1228_02,True
1229_01,True
1232_01,True
1233_01,True
1234_01,True
1235_01,True
1238_01,True
1238_02,True
1239_01,True
1240_01,True
1242_01,True
1248_01,True
1255_01,True
1255_02,True
1260_01,True
1267_01,True
1271_01,True
1278_01,True
1279_01,True
1280_01,True
1282_01,True
1284_01,True
1286_01,True
1287_01,True
1287_02,True
1292_01,True
1292_02,True
1294_01,True
1294_02,True
1294_03,True
1299_01,True
1302_01,True
1304_01,True
1304_02,True
1304_03,True
1304_04,True
1304_05,True
1304_06,True
1306_01,True
1306_02,True
1307_01,True
1308_01,True
1308_04,True
1309_01,True
1311_01,True
1312_01,True
1316_01,True
1322_01,True
1323_01,True
1324_03,True
1325_01,True
1325_03,True
1330_02,True
1331_01,True
1335_01,True
1347_01,True
1348_02,True
1350_01,True
1350_04,True
1353_01,True
1353_03,True
1353_04,True
1355_01,True
1357_01,True
1360_01,True
1362_01,True
1365_02,True
1366_01,True
1375_02,True
1376_01,True
1377_01,True
1381_01,True
1382_01,True
1383_01,True
1384_05,True
1386_01,True
1389_01,True
1390_01,True
1391_01,True
1398_01,True
1400_01,True
1402_01,True
1402_02,True
1410_01,True
1413_01,True
1415_01,True
1423_01,True
1423_02,True
1423_03,True
1424_01,True
1424_03,True
1424_04,True
1424_05,True
1425_02,True
1425_03,True
1426_01,True
1427_01,True
1434_02,True
1434_03,True
1442_01,True
1443_01,True
1444_01,True
1445_01,True
1450_01,True
1451_02,True
1452_02,True
1452_05,True
1453_02,True
1455_01,True
1455_02,True
1455_03,True
1455_04,True
1460_02,True
1462_01,True
1463_01,True
1474_01,True
1479_01,True
1485_01,True
1491_01,True
1491_03,True
1500_03,True
1500_04,True
1500_06,True
1500_07,True
1506_01,True
1507_01,True
1511_01,True
1511_02,True
1520_01,True
1521_01,True
1523_01,True
1523_02,True
1524_01,True
1527_01,True
1527_02,True
1528_01,True
1529_01,True
1529_02,True
1536_01,True
1539_01,True
1540_02,True
1541_01,True
1543_01,True
1545_01,True
1548_01,True
1548_02,True
1551_01,True
1552_01,True
1564_01,True
1567_01,True
1568_02,True
1569_01,True
1577_01,True
1579_01,True
1581_01,True
1581_02,True
1584_02,True
1585_01,True
1588_01,True
1588_02,True
1590_01,True
1592_01,True
1592_02,True
1595_01,True
1596_01,True
1597_01,True
1599_01,True
1599_02,True
1603_03,True
1606_01,True
1611_01,True
1612_01,True
1612_02,True
1615_02,True
1615_03,True
1619_01,True
1622_01,True
1624_01,True
1624_02,True
1625_01,True
1628_01,True
1630_01,True
1630_02,True
1632_01,True
1633_01,True
1633_02,True
1634_01,True
1637_01,True
1645_01,True
1646_01,True
1649_01,True
1650_01,True
1651_01,True
1651_02,True
1651_03,True
1655_02,True
1661_03,True
1663_01,True
1666_01,True
1669_02,True
1670_02,True
1674_01,True
1682_01,True
1685_02,True
1685_03,True
1688_01,True
1688_02,True
1688_03,True
1694_01,True
1698_01,True
1699_01,True
1700_01,True
1704_02,True
1709_01,True
1709_05,True
1710_01,True
1715_01,True
1718_01,True
1719_01,True
1724_01,True
1727_01,True
1731_01,True
1731_02,True
1734_01,True
1736_01,True
1738_02,True
1739_01,True
1746_01,True
1747_01,True
1748_02,True
1749_01,True
1752_01,True
1753_01,True
1762_01,True
1763_01,True
1764_01,True
1767_01,True
1767_02,True
1767_03,True
1767_04,True
1769_01,True
1770_01,True
1775_01,True
1778_01,True
1781_01,True
1782_01,True
1783_02,True
1796_01,True
1797_01,True
1800_01,True
1800_02,True
1800_03,True
1800_04,True
1800_05,True
1804_01,True
1805_01,True
1811_01,True
1812_01,True
1816_02,True
1818_01,True
1822_01,True
1826_01,True
1828_01,True
1829_01,True
1829_02,True
1829_03,True
1829_04,True
1829_05,True
1834_01,True
1836_01,True
1853_01,True
1854_01,True
1855_01,True
1856_01,True
1859_01,True
1861_01,True
1863_01,True
1868_01,True
1871_01,True
1874_01,True
1881_01,True
1882_01,True
1882_02,True
1884_01,True
1888_01,True
1890_01,True
1891_01,True
1892_01,True
1892_02,True
1897_01,True
1897_02,True
1901_01,True
1901_02,True
1903_01,True
1916_01,True
1918_01,True
1918_02,True
1918_03,True
1923_01,True
1923_02,True
1931_01,True
1937_01,True
1938_01,True
1940_01,True
1959_01,True
1959_03,True
1960_01,True
1960_02,True
1962_02,True
1962_03,True
1968_01,True
1969_01,True
1973_01,True
1976_01,True
1976_02,True
1976_03,True
1976_05,True
1976_06,True
1976_07,True
1977_01,True
1980_03,True
1984_01,True
1985_01,True
1988_01,True
1992_01,True
1997_01,True
2000_01,True
2006_01,True
2007_01,True
2009_01,True
2009_02,True
2009_03,True
2010_01,True
2015_01,True
2019_01,True
2024_01,True
2024_02,True
2026_02,True
2027_01,True
2029_01,True
2032_01,True
2040_01,True
2040_02,True
2043_01,True
2045_01,True
2046_01,True
2051_01,True
2052_01,True
2055_05,True
2056_04,True
2061_01,True
2067_01,True
2071_02,True
2074_02,True
2081_01,True
2084_02,True
2086_01,True
2086_02,True
2087_01,True
2088_02,True
2090_01,True
2092_01,True
2094_01,True
2097_01,True
2099_01,True
2100_01,True
2105_01,True
2110_01,True
2114_01,True
2115_01,True
2120_01,True
2123_01,True
2123_02,True
2133_02,True
2137_01,True
2137_02,True
2137_03,True
2138_01,True
2139_01,True
2140_01,True
2141_01,True
2142_01,True
2144_01,True
2149_01,True
2150_01,True
2159_01,True
2161_01,True
2162_01,True
2162_02,True
2164_01,True
2168_01,True
2172_01,True
2175_01,True
2177_01,True
2191_01,True
2194_01,True
2196_02,True
2196_03,True
2198_01,True
2201_01,True
2204_01,True
2211_01,True
2215_01,True
2215_02,True
2215_03,True
2219_01,True
2220_01,True
2221_01,True
2234_01,True
2234_02,True
2234_06,True
2237_02,True
2238_01,True
2243_01,True
2255_01,True
2255_02,True
2257_01,True
2257_02,True
2261_01,True
2268_01,True
2269_01,True
2270_01,True
2272_01,True
2272_02,True
2272_03,True
2274_01,True
2274_02,True
2278_01,True
2281_01,True
2289_01,True
2296_01,True
2301_01,True
2306_01,True
2306_02,True
2306_04,True
2306_05,True
2308_01,True
2308_04,True
2310_01,True
2310_02,True
2310_04,True
2315_01,True
2316_01,True
2319_01,True
2325_01,True
2327_01,True
2329_01,True
2336_01,True
2338_01,True
2341_01,True
2347_04,True
2347_05,True
2353_01,True
2356_02,True
2356_03,True
2361_01,True
2363_01,True
2365_01,True
2366_01,True
2375_01,True
2377_01,True
2384_02,True
2384_07,True
2387_01,True
2392_01,True
2397_01,True
2398_01,True
2401_01,True
2402_01,True
2404_02,True
2404_03,True
2404_04,True
2406_01,True
2409_02,True
2410_01,True
2411_01,True
2412_01,True
2419_01,True
2423_01,True
2424_01,True
2426_01,True
2426_02,True
2427_01,True
2432_01,True
2433_01,True
2438_01,True
2442_01,True
2449_01,True
2449_03,True
2451_01,True
2456_01,True
2457_01,True
2460_01,True
2462_01,True
2474_01,True
2477_01,True
2477_02,True
2479_01,True
2489_01,True
2492_01,True
2499_01,True
2503_02,True
2506_02,True
2508_01,True
2508_02,True
2510_01,True
2512_02,True
2515_02,True
2518_01,True
2518_02,True
2520_01,True
2522_01,True
2523_01,True
2524_01,True
2526_01,True
2527_01,True
2528_01,True
2532_02,True
2534_02,True
2535_01,True
2544_01,True
2545_01,True
2549_02,True
2550_01,True
2552_01,True
2552_03,True
2553_01,True
2555_01,True
2555_02,True
2557_01,True
2558_01,True
2558_02,True
2558_03,True
2558_04,True
2560_01,True
2562_01,True
2564_01,True
2565_01,True
2572_01,True
2572_02,True
2573_01,True
2589_01,True
2589_02,True
2589_05,True
2590_03,True
2594_01,True
2595_01,True
2595_02,True
2595_04,True
2596_02,True
2597_01,True
2599_01,True
2601_01,True
2602_02,True
2605_01,True
2607_01,True
2607_02,True
2607_03,True
2607_04,True
2609_01,True
2618_01,True
2625_01,True
2628_01,True
2631_01,True
2634_01,True
2641_01,True
2645_01,True
2645_03,True
2645_04,True
2645_05,True
2650_01,True
2651_01,True
2652_01,True
2655_01,True
2661_02,True
2664_01,True
2675_01,True
2676_01,True
2678_01,True
2683_01,True
2687_01,True
2690_01,True
2693_04,True
2701_01,True
2702_01,True
2706_01,True
2707_01,True
2707_02,True
2708_01,True
2709_01,True
2709_02,True
2709_04,True
2712_01,True
2713_01,True
2718_01,True
2720_03,True
2721_01,True
2722_01,True
2723_01,True
2723_02,True
2724_01,True
2729_01,True
2730_01,True
2730_03,True
2732_01,True
2734_01,True
2737_01,True
2739_01,True
2747_01,True
2748_01,True
2751_01,True
2752_02,True
2752_03,True
2755_01,True
2758_01,True
2760_03,True
2763_01,True
2764_01,True
2768_01,True
2768_02,True
2768_03,True
2769_01,True
2778_02,True
2781_01,True
2783_01,True
2784_01,True
2785_01,True
2786_01,True
2788_01,True
2790_01,True
2790_05,True
2792_01,True
2793_01,True
2795_01,True
2798_02,True
2799_02,True
2802_01,True
2807_02,True
2807_03,True
2809_01,True
2810_01,True
2812_01,True
2813_01,True
2814_01,True
2818_01,True
2818_02,True
2818_03,True
2820_01,True
2821_01,True
2822_01,True
2822_03,True
2822_04,True
2823_01,True
2824_01,True
2825_01,True
2831_01,True
2834_01,True
2839_01,True
2846_01,True
2847_01,True
2853_01,True
2858_01,True
2858_02,True
2858_03,True
2859_01,True
2861_01,True
2865_02,True
2866_01,True
2867_01,True
2869_01,True
2871_01,True
2871_02,True
2872_01,True
2875_01,True
2878_01,True
2880_01,True
2882_01,True
2883_01,True
2890_02,True
2892_01,True
2892_02,True
2892_03,True
2892_04,True
2900_01,True
2907_01,True
2908_01,True
2919_01,True
2919_02,True
2919_03,True
2920_01,True
2925_01,True
2925_02,True
2927_01,True
2928_02,True
2928_03,True
2929_01,True
2934_01,True
2938_01,True
2940_01,True
2944_03,True
2944_04,True
2945_01,True
2948_01,True
2953_01,True
2966_01,True
2968_01,True
2971_01,True
2972_01,True
2982_01,True
2983_01,True
2990_01,True
2995_01,True
2995_02,True
2998_01,True
3001_02,True
3003_01,True
3004_01,True
3005_01,True
3009_01,True
3015_01,True
3023_01,True
3026_01,True
3027_01,True
3029_02,True
3030_02,True
3032_02,True
3032_03,True
3034_01,True
3039_01,True
3045_01,True
3047_01,True
3063_01,True
3063_03,True
3064_01,True
3065_01,True
3067_01,True
3070_01,True
3071_01,True
3073_01,True
3076_01,True
3081_01,True
3081_02,True
3082_01,True
3084_01,True
3090_01,True
3091_02,True
3093_01,True
3096_01,True
3100_02,True
3100_03,True
3102_01,True
3104_02,True
3112_01,True
3113_01,True
3113_02,True
3118_01,True
3123_01,True
3124_01,True
3124_03,True
3126_01,True
3126_02,True
3131_01,True
3131_02,True
3131_03,True
3132_01,True
3134_01,True
3136_01,True
3143_01,True
3145_01,True
3149_01,True
3149_02,True
3152_01,True
3159_01,True
3162_01,True
3162_03,True
3164_01,True
3166_01,True
3168_01,True
3169_01,True
3171_01,True
3174_01,True
3174_02,True
3175_01,True
3176_01,True
3182_01,True
3184_01,True
3184_02,True
3189_01,True
3191_01,True
3193_01,True
3195_01,True
3195_03,True
3195_05,True
3203_01,True
3205_01,True
3209_01,True
3211_03,True
3215_01,True
3216_01,True
3216_02,True
3216_03,True
3218_01,True
3218_03,True
3224_01,True
3225_01,True
3225_02,True
3229_01,True
3230_01,True
3232_01,True
3236_01,True
3237_02,True
3239_01,True
3241_01,True
3243_01,True
3254_01,True
3255_01,True
3256_01,True
3258_01,True
3269_01,True
3271_02,True
3272_01,True
3272_02,True
3273_01,True
3274_01,True
3275_01,True
3279_01,True
3279_02,True
3279_03,True
3279_04,True
3280_01,True
3282_01,True
3282_02,True
3282_03,True
3284_01,True
3284_02,True
3287_01,True
3289_01,True
3292_01,True
3292_03,True
3292_04,True
3292_05,True
3293_01,True
3294_01,True
3294_02,True
3296_01,True
3300_01,True
3301_01,True
3301_02,True
3301_03,True
3304_01,True
3305_01,True
3310_01,True
3313_01,True
3318_01,True
3318_02,True
3318_03,True
3318_04,True
3318_05,True
3322_01,True
3323_01,True
3323_02,True
3324_01,True
3324_02,True
3325_01,True
3326_01,True
3329_01,True
3331_01,True
3332_02,True
3332_03,True
3336_01,True
3337_01,True
3338_01,True
3342_01,True
3343_01,True
3349_01,True
3350_01,True
3352_01,True
3353_02,True
3353_04,True
3353_05,True
3353_06,True
3357_01,True
3359_01,True
3361_01,True
3361_02,True
3361_03,True
3363_03,True
3365_01,True
3372_01,True
3377_01,True
3381_01,True
3382_01,True
3382_02,True
3384_03,True
3386_01,True
3389_01,True
3390_01,True
3391_01,True
3392_01,True
3392_02,True
3392_03,True
3392_04,True
3394_01,True
3396_01,True
3401_01,True
3403_01,True
3404_01,True
3405_01,True
3408_01,True
3410_01,True
3412_02,True
3412_03,True
3413_01,True
3417_01,True
3418_01,True
3420_01,True
3422_01,True
3422_02,True
3423_01,True
3428_01,True
3428_02,True
3430_01,True
3431_01,True
3434_01,True
3437_02,True
3438_01,True
3439_01,True
3439_02,True
3439_03,True
3443_01,True
3444_01,True
3444_02,True
3444_03,True
3444_04,True
3446_01,True
3450_01,True
3450_02,True
3453_01,True
3454_01,True
3455_01,True
3456_01,True
3458_01,True
3459_01,True
3462_01,True
3464_02,True
3468_01,True
3469_01,True
3470_01,True
3470_02,True
3474_01,True
3474_03,True
3474_04,True
3475_01,True
3475_03,True
3476_01,True
3476_02,True
3476_03,True
3478_01,True
3484_01,True
3484_02,True
3485_02,True
3485_03,True
3486_01,True
3489_02,True
3490_01,True
3495_01,True
3495_02,True
3495_03,True
3495_04,True
3496_01,True
3499_02,True
3499_04,True
3504_01,True
3506_01,True
3512_01,True
3515_01,True
3515_02,True
3518_01,True
3519_01,True
3519_02,True
3519_03,True
3520_02,True
3521_01,True
3521_02,True
3523_01,True
3525_01,True
3528_01,True
3530_01,True
3531_02,True
3535_02,True
3536_01,True
3540_01,True
3542_01,True
3543_01,True
3543_02,True
3543_03,True
3548_01,True
3550_03,True
3552_02,True
3556_01,True
3558_02,True
3561_01,True
3563_01,True
3564_01,True
3565_01,True
3566_01,True
3569_01,True
3570_01,True
3578_01,True
3584_01,True
3592_01,True
3594_01,True
3595_01,True
3596_01,True
3597_01,True
3600_01,True
3602_01,True
3605_01,True
3607_01,True
3608_01,True
3608_02,True
3608_03,True
3609_03,True
3609_04,True
3610_01,True
3610_02,True
3612_01,True
3613_01,True
3615_01,True
3615_02,True
3616_01,True
3620_01,True
3622_01,True
3625_01,True
3626_01,True
3629_01,True
3634_01,True
3639_01,True
3640_02,True
3641_01,True
3641_03,True
3644_01,True
3645_01,True
3645_02,True
3645_03,True
3645_04,True
3645_05,True
3647_01,True
3650_01,True
3652_01,True
3654_01,True
3658_01,True
3658_02,True
3662_01,True
3662_02,True
3664_01,True
3665_01,True
3667_01,True
3668_01,True
3674_01,True
3678_01,True
3680_02,True
3681_01,True
3682_01,True
3688_01,True
3688_02,True
3688_03,True
3693_01,True
3699_01,True
3699_02,True
3699_03,True
3703_01,True
3704_01,True
3706_02,True
3707_02,True
3708_01,True
3710_03,True
3711_01,True
3711_03,True
3713_01,True
3713_02,True
3713_03,True
3714_01,True
3715_02,True
3715_04,True
3716_01,True
3719_02,True
3724_01,True
3726_01,True
3728_01,True
3729_01,True
3732_01,True
3732_03,True
3734_01,True
3735_01,True
3736_01,True
3737_02,True
3741_01,True
3742_01,True
3742_02,True
3744_01,True
3747_02,True
3747_04,True
3748_01,True
3749_01,True
3749_02,True
3754_01,True
3755_01,True
3756_01,True
3757_01,True
3758_02,True
3759_01,True
3760_01,True
3761_01,True
3765_01,True
3768_01,True
3770_01,True
3772_01,True
3773_01,True
3773_02,True
3773_03,True
3774_02,True
3775_01,True
3775_02,True
3776_01,True
3777_01,True
3779_01,True
3785_01,True
3787_01,True
3787_02,True
3787_03,True
3789_01,True
3790_01,True
3793_01,True
3795_01,True
3796_01,True
3797_01,True
3798_01,True
3807_01,True
3811_01,True
3814_01,True
3820_01,True
3824_01,True
3832_01,True
3835_01,True
3838_01,True
3846_01,True
3850_02,True
3850_03,True
3850_04,True
3850_05,True
3850_06,True
3850_07,True
3851_01,True
3852_01,True
3853_01,True
3854_01,True
3856_01,True
3857_01,True
3862_01,True
3862_05,True
3864_01,True
3867_01,True
3868_04,True
3868_05,True
3868_06,True
3868_07,True
3870_01,True
3871_01,True
3872_01,True
3874_02,True
3883_01,True
3883_02,True
3883_03,True
3886_01,True
3888_01,True
3890_01,True
3894_01,True
3895_03,True
3896_01,True
3897_01,True
3898_01,True
3899_01,True
3903_03,True
3903_06,True
3907_01,True
3909_01,True
3911_02,True
3911_03,True
3912_01,True
3915_01,True
3916_02,True
3921_01,True
3922_01,True
3923_03,True
3924_01,True
3927_02,True
3928_02,True
3932_01,True
3932_02,True
3933_01,True
3935_01,True
3937_01,True
3938_01,True
3938_02,True
3938_03,True
3942_01,True
3945_01,True
3950_01,True
3954_01,True
3955_01,True
3959_03,True
3961_01,True
3962_01,True
3963_01,True
3964_01,True
3966_02,True
3966_03,True
3968_01,True
3970_01,True
3973_01,True
3974_02,True
3976_01,True
3977_01,True
3984_01,True
3987_01,True
3994_01,True
3996_01,True
3998_01,True
4000_01,True
4000_03,True
4001_01,True
4001_02,True
4001_03,True
4001_04,True
4001_05,True
4001_06,True
4001_07,True
4005_02,True
4005_04,True
4005_05,True
4005_06,True
4006_01,True
4006_02,True
4006_05,True
4008_01,True
4009_01,True
4017_02,True
4017_03,True
4018_01,True
4019_01,True
4026_01,True
4027_01,True
4030_02,True
4030_03,True
4030_04,True
4031_01,True
4031_02,True
4032_01,True
4033_01,True
4035_01,True
4037_01,True
4038_01,True
4042_01,True
4042_02,True
4042_03,True
4044_02,True
4044_03,True
4046_01,True
4047_01,True
4049_01,True
4053_01,True
4061_02,True
4061_03,True
4063_01,True
4064_01,True
4066_02,True
4069_01,True
4071_01,True
4071_02,True
4072_01,True
4083_01,True
4090_01,True
4091_01,True
4096_01,True
4102_01,True
4106_01,True
4108_01,True
4108_02,True
4109_01,True
4112_01,True
4113_01,True
4113_02,True
4115_01,True
4116_01,True
4120_01,True
4125_01,True
4127_01,True
4128_02,True
4128_03,True
4129_01,True
4130_01,True
4131_01,True
4132_01,True
4134_01,True
4142_01,True
4147_02,True
4150_01,True
4151_01,True
4154_01,True
4156_01,True
4160_01,True
4163_01,True
4165_01,True
4166_01,True
4166_02,True
4169_01,True
4169_02,True
4170_01,True
4172_01,True
4172_03,True
4172_06,True
4172_07,True
4176_01,True
4176_02,True
4176_06,True
4176_07,True
4177_01,True
4177_02,True
4179_01,True
4179_02,True
4181_01,True
4181_02,True
4181_03,True
4181_04,True
4181_06,True
4185_01,True
4186_01,True
4188_01,True
4194_01,True
4196_01,True
4197_01,True
4197_02,True
4199_01,True
4204_01,True
4204_03,True
4206_01,True
4207_01,True
4207_02,True
4208_01,True
4210_01,True
4210_02,True
4211_01,True
4212_01,True
4216_01,True
4216_02,True
4218_01,True
4218_02,True
4219_01,True
4221_01,True
4223_01,True
4231_01,True
4232_01,True
4237_01,True
4238_01,True
4240_01,True
4242_01,True
4244_01,True
4245_01,True
4249_01,True
4249_02,True
4249_03,True
4254_02,True
4255_01,True
4256_02,True
4256_03,True
4256_04,True
4259_01,True
4260_01,True
4262_01,True
4266_01,True
4267_01,True
4267_02,True
4271_01,True
4272_01,True
4274_01,True
4278_01,True
4289_01,True
4291_01,True
4292_01,True
4293_01,True
4295_01,True
4295_02,True
4296_01,True
4300_01,True
4301_01,True
4302_01,True
4303_01,True
4305_02,True
4305_03,True
4311_01,True
4315_01,True
4317_01,True
4318_01,True
4324_01,True
4324_02,True
4324_04,True
4327_01,True
4332_01,True
4334_01,True
4336_01,True
4336_02,True
4336_03,True
4337_01,True
4338_01,True
4338_03,True
4340_01,True
4343_01,True
4344_01,True
4346_01,True
4348_01,True
4350_01,True
4352_01,True
4352_02,True
4356_01,True
4358_01,True
4359_02,True
4360_01,True
4361_01,True
4362_01,True
4364_01,True
4366_01,True
4367_01,True
4368_01,True
4369_01,True
4371_01,True
4371_03,True
4371_04,True
4371_05,True
4372_01,True
4376_01,True
4382_01,True
4383_01,True
4386_01,True
4386_02,True
4388_01,True
4390_01,True
4390_02,True
4391_01,True
4397_01,True
4400_02,True
4400_03,True
4401_01,True
4401_02,True
4402_01,True
4405_01,True
4407_01,True
4408_01,True
4409_01,True
4415_01,True
4416_01,True
4422_01,True
4422_02,True
4426_01,True
4428_01,True
4430_01,True
4431_01,True
4433_01,True
4436_01,True
4437_01,True
4440_01,True
4441_01,True
4441_02,True
4441_03,True
4446_03,True
4446_04,True
4446_05,True
4447_01,True
4448_01,True
4449_01,True
4450_01,True
4450_02,True
4450_03,True
4451_01,True
4452_01,True
4453_01,True
4456_01,True
4459_01,True
4461_01,True
4463_01,True
4463_02,True
4465_01,True
4467_01,True
4469_01,True
4472_01,True
4474_01,True
4474_02,True
4474_03,True
4475_02,True
4482_01,True
4482_03,True
4482_04,True
4482_05,True
4485_01,True
4486_01,True
4493_01,True
4494_01,True
4496_01,True
4498_01,True
4498_02,True
4498_03,True
4498_05,True
4498_06,True
4501_01,True
4505_02,True
4509_01,True
4509_02,True
4509_03,True
4510_01,True
4511_01,True
4511_02,True
4514_01,True
4515_02,True
4522_01,True
4524_01,True
4531_01,True
4532_01,True
4533_01,True
4534_01,True
4539_01,True
4539_02,True
4542_01,True
4542_02,True
4546_01,True
4547_01,True
4550_01,True
4552_01,True
4559_01,True
4560_01,True
4562_01,True
4563_01,True
4569_01,True
4570_01,True
4571_01,True
4577_01,True
4580_01,True
4581_01,True
4581_02,True
4591_01,True
4592_01,True
4592_02,True
4592_03,True
4592_04,True
4593_01,True
4594_03,True
4595_01,True
4596_01,True
4603_01,True
4611_01,True
4612_01,True
4613_01,True
4615_01,True
4620_01,True
4621_01,True
4622_01,True
4623_01,True
4625_01,True
4625_02,True
4625_03,True
4625_04,True
4625_05,True
4625_07,True
4628_01,True
4630_01,True
4631_01,True
4632_01,True
4632_02,True
4635_01,True
4638_01,True
4640_01,True
4643_01,True
4644_01,True
4645_01,True
4645_02,True
4646_01,True
4648_01,True
4651_01,True
4652_01,True
4654_01,True
4655_01,True
4655_02,True
4656_02,True
4661_01,True
4662_02,True
4662_03,True
4663_01,True
4663_02,True
4663_03,True
4663_04,True
4663_05,True
4663_06,True
4665_01,True
4667_01,True
4668_01,True
4668_02,True
4672_01,True
4676_01,True
4679_01,True
4680_02,True
4680_03,True
4684_01,True
4686_01,True
4689_01,True
4690_01,True
4693_02,True
4694_01,True
4695_01,True
4695_03,True
4696_01,True
4706_01,True
4710_01,True
4712_01,True
4717_01,True
4719_01,True
4720_01,True
4721_01,True
4723_01,True
4726_01,True
4726_02,True
4726_03,True
4726_04,True
4726_05,True
4728_02,True
4732_01,True
4732_02,True
4732_03,True
4733_01,True
4739_01,True
4741_01,True
4741_02,True
4741_03,True
4743_01,True
4744_01,True
4744_02,True
4746_01,True
4755_01,True
4756_01,True
4756_02,True
4762_01,True
4763_01,True
4764_01,True
4769_01,True
4770_01,True
4770_02,True
4773_01,True
4774_01,True
4774_02,True
4774_04,True
4775_01,True
4777_01,True
4780_02,True
4782_01,True
4782_04,True
4783_01,True
4784_01,True
4785_01,True
4786_01,True
4790_01,True
4791_01,True
4792_01,True
4793_02,True
4795_01,True
4796_01,True
4796_02,True
4797_01,True
4798_01,True
4798_02,True
4798_03,True
4804_01,True
4804_02,True
4804_03,True
4813_01,True
4814_01,True
4815_01,True
4818_01,True
4819_01,True
4822_01,True
4822_02,True
4822_03,True
4822_04,True
4827_01,True
4831_01,True
4836_01,True
4836_02,True
4837_01,True
4838_01,True
4840_01,True
4841_01,True
4845_01,True
4846_02,True
4847_01,True
4850_01,True
4850_02,True
4851_01,True
4866_01,True
4868_01,True
4874_02,True
4875_01,True
4881_01,True
4883_01,True
4884_01,True
4885_01,True
4888_01,True
4890_01,True
4890_02,True
4891_01,True
4891_02,True
4893_01,True
4895_01,True
4899_01,True
4899_02,True
4912_02,True
4916_01,True
4917_01,True
4918_01,True
4920_01,True
4923_01,True
4923_02,True
4923_03,True
4925_01,True
4927_01,True
4927_02,True
4927_03,True
4927_04,True
4929_01,True
4930_01,True
4930_02,True
4932_01,True
4932_02,True
4933_01,True
4933_04,True
4938_01,True
4939_01,True
4940_01,True
4942_01,True
4942_02,True
4943_01,True
4944_01,True
4945_01,True
4950_01,True
4951_01,True
4952_01,True
4954_01,True
4956_01,True
4961_01,True
4963_01,True
4972_01,True
4973_02,True
4974_02,True
4975_01,True
4975_02,True
4975_03,True
4977_01,True
4978_01,True
4979_01,True
4981_01,True
4981_02,True
4987_01,True
4990_01,True
4996_01,True
4997_01,True
4998_01,True
5000_01,True
5003_01,True
5004_01,True
5006_01,True
5006_02,True
5008_01,True
5009_01,True
5012_01,True
5013_01,True
5014_02,True
5017_01,True
5018_01,True
5020_01,True
5021_01,True
5032_01,True
5035_01,True
5036_01,True
5039_02,True
5039_03,True
5042_01,True
5044_01,True
5044_02,True
5052_01,True
5052_02,True
5057_01,True
5058_01,True
5058_03,True
5060_01,True
5060_02,True
5061_01,True
5061_02,True
5063_01,True
5065_01,True
5067_01,True
5068_01,True
5070_01,True
5072_02,True
5073_01,True
5083_01,True
5084_01,True
5085_01,True
5089_02,True
5090_03,True
5095_01,True
5097_01,True
5097_02,True
5097_03,True
5103_01,True
5104_01,True
5105_01,True
5106_01,True
5108_01,True
5109_01,True
5112_01,True
5112_02,True
5112_03,True
5115_01,True
5115_02,True
5116_01,True
5116_02,True
5122_01,True
5126_01,True
5127_01,True
5128_02,True
5129_01,True
5130_01,True
5133_01,True
5133_02,True
5133_03,True
5133_06,True
5137_01,True
5138_01,True
5140_01,True
5142_01,True
5142_03,True
5142_04,True
5144_01,True
5145_01,True
5146_01,True
5148_02,True
5151_01,True
5156_01,True
5156_02,True
5157_01,True
5161_01,True
5162_01,True
5163_01,True
5163_02,True
5165_01,True
5173_01,True
5174_01,True
5177_01,True
5179_01,True
5180_01,True
5181_01,True
5182_01,True
5182_02,True
5188_03,True
5192_01,True
5193_01,True
5194_01,True
5194_02,True
5196_01,True
5196_02,True
5197_01,True
5199_01,True
5202_01,True
5205_02,True
5205_03,True
5206_01,True
5207_01,True
5208_01,True
5210_01,True
5213_01,True
5214_01,True
5216_01,True
5217_01,True
5217_02,True
5223_01,True
5223_02,True
5223_03,True
5225_01,True
5226_01,True
5227_01,True
5230_01,True
5234_01,True
5236_01,True
5238_01,True
5239_01,True
5240_01,True
5242_01,True
5243_01,True
5243_02,True
5246_01,True
5246_02,True
5247_01,True
5250_01,True
5252_01,True
5253_01,True
5254_01,True
5254_02,True
5254_03,True
5254_04,True
5255_01,True
5260_01,True
5262_01,True
5264_01,True
5264_02,True
5268_01,True
5269_01,True
5272_01,True
5276_01,True
5278_01,True
5280_01,True
5282_01,True
5282_02,True
5282_03,True
5287_01,True
5288_01,True
5292_01,True
5297_01,True
5298_01,True
5299_01,True
5300_01,True
5301_01,True
5301_02,True
5303_01,True
5303_05,True
5304_02,True
5305_01,True
5307_01,True
5312_01,True
5313_01,True
5314_01,True
5316_01,True
5320_01,True
5322_01,True
5323_01,True
5325_01,True
5326_01,True
5327_01,True
5330_01,True
5333_01,True
5334_01,True
5334_02,True
5337_01,True
5341_01,True
5344_02,True
5346_01,True
5348_01,True
5353_01,True
5353_02,True
5355_01,True
5355_02,True
5360_01,True
5361_01,True
5362_01,True
5363_01,True
5366_01,True
5367_01,True
5367_02,True
5367_03,True
5374_01,True
5375_01,True
5375_02,True
5384_01,True
5384_02,True
5388_01,True
5389_01,True
5390_01,True
5390_02,True
5390_03,True
5394_01,True
5395_01,True
5397_01,True
5397_02,True
5397_03,True
5406_01,True
5412_01,True
5413_01,True
5414_05,True
5416_01,True
5416_03,True
5416_04,True
5420_01,True
5422_01,True
5423_02,True
5427_01,True
5430_01,True
5431_01,True
5434_01,True
5438_01,True
5440_01,True
5441_01,True
5446_01,True
5447_01,True
5447_02,True
5450_01,True
5451_01,True
5452_01,True
5458_01,True
5463_01,True
5465_03,True
5466_01,True
5466_03,True
5468_01,True
5469_01,True
5470_01,True
5472_01,True
5474_01,True
5479_01,True
5484_01,True
5487_01,True
5488_01,True
5488_02,True
5488_04,True
5489_01,True
5494_01,True
5496_01,True
5497_01,True
5497_02,True
5499_01,True
5506_01,True
5509_01,True
5510_01,True
5511_01,True
5512_02,True
5514_01,True
5514_02,True
5514_03,True
5514_04,True
5520_01,True
5522_01,True
5522_03,True
5524_01,True
5526_01,True
5526_02,True
5527_02,True
5527_04,True
5530_02,True
5531_02,True
5535_01,True
5535_02,True
5535_03,True
5536_01,True
5538_01,True
5538_02,True
5540_01,True
5541_01,True
5543_01,True
5545_01,True
5545_02,True
5545_03,True
5550_01,True
5551_01,True
5552_01,True
5552_02,True
5555_01,True
5557_01,True
5559_01,True
5561_01,True
5561_04,True
5563_01,True
5568_02,True
5569_01,True
5571_01,True
5572_01,True
5575_02,True
5578_01,True
5580_01,True
5581_01,True
5583_01,True
5589_01,True
5592_01,True
5598_01,True
5601_01,True
5601_02,True
5601_03,True
5601_04,True
5601_05,True
5602_01,True
5602_02,True
5606_01,True
5610_01,True
5611_01,True
5613_01,True
5614_01,True
5615_01,True
5616_01,True
5618_01,True
5619_01,True
5622_01,True
5623_01,True
5626_01,True
5628_01,True
5629_01,True
5639_01,True
5640_01,True
5642_01,True
5642_02,True
5643_01,True
5645_01,True
5646_01,True
5647_01,True
5647_02,True
5651_01,True
5653_01,True
5661_01,True
5661_02,True
5662_01,True
5663_01,True
5673_01,True
5679_01,True
5679_02,True
5679_03,True
5680_01,True
5681_01,True
5684_01,True
5684_02,True
5684_04,True
5685_01,True
5688_01,True
5693_01,True
5695_01,True
5696_01,True
5698_02,True
5700_01,True
5701_01,True
5702_01,True
5704_01,True
5705_01,True
5706_01,True
5706_02,True
5707_01,True
5709_01,True
5710_01,True
5712_01,True
5713_01,True
5714_01,True
5714_02,True
5714_04,True
5714_05,True
5718_01,True
5719_02,True
5721_01,True
5724_01,True
5725_01,True
5726_01,True
5729_01,True
5733_01,True
5735_01,True
5737_01,True
5737_02,True
5738_01,True
5739_01,True
5744_01,True
5755_01,True
5756_05,True
5756_07,True
5758_01,True
5761_01,True
5764_01,True
5767_01,True
5768_01,True
5768_02,True
5769_01,True
5769_02,True
5771_01,True
5773_01,True
5779_01,True
5780_01,True
5780_02,True
5780_03,True
5783_01,True
5788_01,True
5791_01,True
5793_01,True
5795_01,True
5799_01,True
5802_01,True
5804_01,True
5809_02,True
5810_01,True
5810_02,True
5811_02,True
5812_01,True
5812_02,True
5812_03,True
5812_04,True
5812_05,True
5812_06,True
5813_01,True
5814_02,True
5814_03,True
5814_04,True
5814_05,True
5814_07,True
5817_01,True
5819_01,True
5820_01,True
5822_01,True
5823_01,True
5824_01,True
5825_01,True
5826_01,True
5831_01,True
5835_01,True
5836_01,True
5839_01,True
5840_01,True
5842_01,True
5842_02,True
5843_01,True
5844_01,True
5848_01,True
5855_01,True
5855_02,True
5856_01,True
5856_02,True
5858_01,True
5859_01,True
5860_02,True
5860_03,True
5861_01,True
5863_01,True
5869_01,True
5871_01,True
5874_01,True
5876_01,True
5876_02,True
5876_03,True
5877_01,True
5878_01,True
5879_01,True
5880_01,True
5885_01,True
5885_02,True
5885_03,True
5885_05,True
5885_08,True
5887_01,True
5890_01,True
5891_01,True
5894_01,True
5897_01,True
5898_01,True
5900_01,True
5900_02,True
5900_03,True
5902_01,True
5905_01,True
5907_01,True
5908_01,True
5909_01,True
5909_02,True
5909_03,True
5912_01,True
5916_01,True
5919_01,True
5921_01,True
5923_01,True
5925_02,True
5927_03,True
5927_05,True
5928_01,True
5930_01,True
5930_03,True
5934_01,True
5938_01,True
5938_02,True
5941_01,True
5944_01,True
5945_01,True
5945_02,True
5947_01,True
5949_02,True
5952_01,True
5957_01,True
5957_02,True
5959_01,True
5959_02,True
5960_01,True
5960_03,True
5965_01,True
5967_01,True
5967_02,True
5969_01,True
5969_02,True
5969_03,True
5970_01,True
5972_01,True
5974_01,True
5975_01,True
5977_01,True
5977_03,True
5980_01,True
5981_02,True
5981_03,True
5983_02,True
5984_01,True
5986_01,True
5987_01,True
5990_01,True
5991_01,True
5992_01,True
5993_01,True
5995_01,True
6000_02,True
6004_01,True
6006_02,True
6007_01,True
6008_01,True
6010_01,True
6015_01,True
6015_02,True
6017_01,True
6017_02,True
6019_01,True
6020_01,True
6024_01,True
6027_01,True
6028_03,True
6028_04,True
6028_05,True
6030_01,True
6030_02,True
6030_03,True
6030_05,True
6030_06,True
6030_07,True
6031_01,True
6032_01,True
6032_03,True
6033_02,True
6034_01,True
6034_03,True
6035_01,True
6036_03,True
6039_01,True
6040_01,True
6047_01,True
6048_01,True
6049_01,True
6054_01,True
6055_02,True
6059_01,True
6061_01,True
6065_01,True
6066_03,True
6068_01,True
6071_01,True
6073_01,True
6075_01,True
6077_01,True
6080_01,True
6085_01,True
6086_01,True
6090_01,True
6091_01,True
6092_01,True
6092_02,True
6092_03,True
6094_01,True
6094_02,True
6094_03,True
6096_01,True
6099_01,True
6103_01,True
6106_01,True
6107_01,True
6109_02,True
6110_01,True
6111_01,True
6111_03,True
6111_04,True
6111_05,True
6112_01,True
6120_01,True
6121_01,True
6122_01,True
6123_01,True
6124_01,True
6126_01,True
6128_01,True
6130_01,True
6132_01,True
6133_01,True
6137_01,True
6137_03,True
6137_04,True
6137_05,True
6137_06,True
6138_01,True
6139_01,True
6139_02,True
6139_03,True
6139_04,True
6139_05,True
6139_06,True
6143_01,True
6146_01,True
6148_01,True
6148_02,True
6150_01,True
6152_01,True
6153_01,True
6158_01,True
6167_01,True
6168_01,True
6168_02,True
6169_01,True
6172_01,True
6173_01,True
6174_02,True
6174_03,True
6175_02,True
6176_01,True
6178_01,True
6179_01,True
6180_01,True
6182_01,True
6184_01,True
6186_01,True
6189_01,True
6191_01,True
6191_02,True
6191_03,True
6191_04,True
6192_01,True
6199_01,True
6199_02,True
6200_01,True
6207_02,True
6208_01,True
6211_01,True
6216_01,True
6224_02,True
6228_01,True
6229_01,True
6232_01,True
6234_01,True
6237_01,True
6238_01,True
6243_01,True
6245_01,True
6246_01,True
6248_01,True
6249_01,True
6250_01,True
6254_01,True
6254_02,True
6262_01,True
6263_01,True
6266_01,True
6268_01,True
6271_01,True
6274_01,True
6276_01,True
6277_01,True
6281_01,True
6285_01,True
6285_02,True
6289_01,True
6290_01,True
6296_01,True
6297_01,True
6299_01,True
6300_01,True
6302_02,True
6302_04,True
6302_06,True
6302_07,True
6304_01,True
6305_01,True
6309_01,True
6309_02,True
6309_03,True
6309_04,True
6309_05,True
6318_01,True
6320_01,True
6321_01,True
6321_03,True
6322_01,True
6323_02,True
6324_02,True
6324_03,True
6325_01,True
6327_01,True
6328_01,True
6328_02,True
6328_04,True
6330_01,True
6331_01,True
6334_01,True
6334_02,True
6334_03,True
6334_04,True
6334_05,True
6334_07,True
6339_01,True
6340_01,True
6343_01,True
6344_01,True
6344_02,True
6347_01,True
6351_01,True
6353_01,True
6354_01,True
6355_01,True
6356_01,True
6360_01,True
6360_02,True
6360_03,True
6361_01,True
6363_01,True
6363_02,True
6363_05,True
6363_07,True
6366_01,True
6367_02,True
6369_01,True
6370_01,True
6372_01,True
6372_03,True
6372_04,True
6376_01,True
6378_01,True
6380_02,True
6390_01,True
6394_01,True
6394_02,True
6394_03,True
6398_01,True
6400_01,True
6402_03,True
6402_04,True
6404_01,True
6405_02,True
6405_03,True
6405_04,True
6406_01,True
6406_02,True
6407_01,True
6413_01,True
6414_01,True
6415_01,True
6419_01,True
6421_01,True
6422_02,True
6428_01,True
6428_02,True
6430_01,True
6431_02,True
6433_01,True
6433_02,True
6434_01,True
6436_01,True
6437_01,True
6439_01,True
6443_01,True
6443_02,True
6443_03,True
6443_04,True
6443_07,True
6444_02,True
6446_01,True
6446_02,True
6446_03,True
6447_01,True
6450_02,True
6454_01,True
6456_01,True
6457_01,True
6459_01,True
6461_01,True
6462_01,True
6468_01,True
6468_02,True
6471_01,True
6472_01,True
6472_02,True
6473_01,True
6475_01,True
6481_01,True
6482_02,True
6482_03,True
6485_01,True
6489_01,True
6490_01,True
6490_03,True
6490_04,True
6492_01,True
6493_01,True
6501_01,True
6502_01,True
6511_03,True
6512_01,True
6512_02,True
6513_01,True
6522_01,True
6523_01,True
6525_02,True
6525_03,True
6526_02,True
6529_01,True
6531_01,True
6544_01,True
6545_01,True
6548_01,True
6556_01,True
6556_02,True
6560_01,True
6561_02,True
6563_02,True
6567_01,True
6569_01,True
6573_01,True
6578_01,True
6578_02,True
6583_01,True
6583_02,True
6585_01,True
6585_02,True
6588_01,True
6588_02,True
6590_01,True
6590_02,True
6592_01,True
6593_01,True
6594_01,True
6595_01,True
6598_01,True
6599_01,True
6602_01,True
6603_01,True
6604_01,True
6609_01,True
6611_01,True
6611_03,True
6613_01,True
6614_01,True
6618_01,True
6620_01,True
6621_01,True
6622_02,True
6623_01,True
6625_01,True
6630_01,True
6633_01,True
6634_01,True
6634_02,True
6638_01,True
6639_01,True
6641_01,True
6641_02,True
6642_01,True
6645_01,True
6646_01,True
6647_01,True
6654_01,True
6654_02,True
6654_03,True
6655_01,True
6656_01,True
6659_01,True
6662_01,True
6662_02,True
6662_03,True
6664_01,True
6665_01,True
6665_03,True
6667_01,True
6668_01,True
6669_01,True
6671_01,True
6672_01,True
6672_02,True
6672_03,True
6672_04,True
6674_02,True
6674_03,True
6674_04,True
6676_01,True
6680_01,True
6681_01,True
6683_01,True
6684_02,True
6691_01,True
6692_01,True
6694_01,True
6706_01,True
6706_02,True
6707_01,True
6708_01,True
6708_02,True
6708_04,True
6708_05,True
6708_06,True
6709_01,True
6711_01,True
6718_02,True
6718_03,True
6719_01,True
6720_01,True
6721_01,True
6722_01,True
6722_03,True
6724_01,True
6724_02,True
6726_01,True
6729_02,True
6730_01,True
6734_01,True
6734_02,True
6734_03,True
6734_04,True
6739_01,True
6741_01,True
6744_03,True
6744_04,True
6746_01,True
6747_01,True
6748_01,True
6748_02,True
6749_01,True
6751_01,True
6751_02,True
6753_01,True
6753_02,True
6754_01,True
6756_02,True
6756_03,True
6760_01,True
6761_01,True
6763_01,True
6764_02,True
6765_01,True
6766_02,True
6766_03,True
6774_01,True
6774_02,True
6775_01,True
6779_01,True
6779_02,True
6779_03,True
6779_04,True
6780_01,True
6780_02,True
6784_02,True
6787_01,True
6787_02,True
6787_04,True
6787_05,True
6787_06,True
6792_01,True
6794_01,True
6799_01,True
6800_01,True
6801_01,True
6806_01,True
6810_01,True
6810_02,True
6810_03,True
6810_04,True
6810_05,True
6814_01,True
6816_01,True
6816_03,True
6816_04,True
6816_05,True
6816_06,True
6818_01,True
6825_01,True
6827_02,True
6827_03,True
6827_04,True
6829_01,True
6829_03,True
6831_01,True
6832_01,True
6833_01,True
6834_01,True
6837_01,True
6840_01,True
6841_01,True
6843_01,True
6843_02,True
6848_01,True
6850_02,True
6851_01,True
6858_01,True
6858_02,True
6858_04,True
6859_01,True
6861_01,True
6862_01,True
6862_02,True
6863_01,True
6864_01,True
6864_02,True
6865_02,True
6866_01,True
6871_01,True
6873_01,True
6879_01,True
6880_02,True
6882_01,True
6883_01,True
6885_01,True
6887_01,True
6891_01,True
6892_01,True
6893_01,True
6894_01,True
6894_02,True
6894_03,True
6896_02,True
6896_03,True
6898_01,True
6899_01,True
6899_02,True
6900_01,True
6902_01,True
6905_01,True
6905_03,True
6906_01,True
6906_03,True
6907_01,True
6911_01,True
6913_01,True
6915_01,True
6918_01,True
6921_01,True
6921_02,True
6921_03,True
6921_04,True
6921_05,True
6924_01,True
6928_02,True
6929_01,True
6929_02,True
6929_03,True
6930_01,True
6931_01,True
6934_01,True
6937_01,True
6940_01,True
6943_01,True
6944_01,True
6945_01,True
6947_01,True
6947_02,True
6950_01,True
6950_02,True
6951_01,True
6951_02,True
6957_01,True
6971_01,True
6971_02,True
6971_03,True
6971_04,True
6971_05,True
6977_01,True
6977_02,True
6978_01,True
6980_01,True
6982_01,True
6984_02,True
6987_01,True
6988_02,True
6991_02,True
6992_03,True
6994_01,True
7001_01,True
7005_01,True
7006_01,True
7007_01,True
7013_01,True
7014_01,True
7015_01,True
7016_01,True
7017_01,True
7020_01,True
7021_01,True
7022_01,True
7025_01,True
7027_01,True
7028_01,True
7028_02,True
7029_01,True
7029_02,True
7031_01,True
7036_01,True
7040_01,True
7041_01,True
7047_01,True
7049_01,True
7050_01,True
7052_01,True
7058_01,True
7059_01,True
7061_01,True
7069_02,True
7069_03,True
7073_01,True
7074_01,True
7077_01,True
7079_01,True
7080_01,True
7083_01,True
7083_02,True
7085_01,True
7085_02,True
7085_03,True
7087_01,True
7089_01,True
7092_01,True
7094_01,True
7095_01,True
7096_01,True
7096_03,True
7097_01,True
7097_02,True
7104_02,True
7105_01,True
7106_01,True
7113_02,True
7116_01,True
7117_01,True
7121_01,True
7121_02,True
7127_02,True
7128_02,True
7134_01,True
7142_02,True
7142_03,True
7149_01,True
7152_01,True
7152_02,True
7156_01,True
7156_04,True
7157_01,True
7159_01,True
7160_01,True
7165_01,True
7167_01,True
7168_01,True
7170_01,True
7171_01,True
7173_01,True
7176_01,True
7176_03,True
7179_01,True
7181_01,True
7184_01,True
7186_01,True
7187_01,True
7188_01,True
7188_03,True
7189_01,True
7190_01,True
7192_01,True
7197_01,True
7200_01,True
7207_01,True
7208_01,True
7214_01,True
7215_01,True
7216_01,True
7217_01,True
7218_01,True
7219_01,True
7219_02,True
7219_03,True
7219_05,True
7224_01,True
7230_01,True
7233_01,True
7236_01,True
7240_01,True
7240_02,True
7242_01,True
7249_02,True
7250_01,True
7257_01,True
7261_01,True
7267_01,True
7267_02,True
7270_01,True
7273_01,True
7277_01,True
7278_01,True
7279_01,True
7283_01,True
7285_01,True
7290_01,True
7290_02,True
7290_03,True
7298_01,True
7300_01,True
7301_01,True
7304_01,True
7305_01,True
7306_01,True
7314_01,True
7321_01,True
7324_01,True
7327_01,True
7334_01,True
7336_02,True
7341_01,True
7350_01,True
7351_01,True
7353_02,True
7356_01,True
7356_02,True
7360_01,True
7361_01,True
7361_02,True
7371_01,True
7374_01,True
7376_01,True
7377_01,True
7387_01,True
7388_01,True
7395_01,True
7395_02,True
7396_01,True
7396_02,True
7396_03,True
7402_01,True
7402_02,True
7405_01,True
7410_01,True
7418_01,True
7419_01,True
7419_02,True
7425_01,True
7427_01,True
7432_01,True
7435_01,True
7437_01,True
7437_02,True
7437_03,True
7442_01,True
7442_02,True
7445_01,True
7452_01,True
7452_02,True
7452_03,True
7453_01,True
7455_01,True
7456_01,True
7458_01,True
7460_01,True
7461_01,True
7462_01,True
7472_01,True
7475_01,True
7475_02,True
7478_01,True
7479_01,True
7484_01,True
7487_01,True
7488_02,True
7490_01,True
7492_01,True
7496_01,True
7498_02,True
7498_03,True
7499_01,True
7501_01,True
7502_01,True
7503_01,True
7503_02,True
7505_02,True
7505_03,True
7507_01,True
7507_02,True
7507_03,True
7513_01,True
7515_01,True
7515_02,True
7518_01,True
7524_01,True
7524_02,True
7525_02,True
7527_01,True
7529_01,True
7531_01,True
7531_02,True
7533_01,True
7535_01,True
7536_01,True
7545_01,True
7549_01,True
7550_01,True
7552_01,True
7560_01,True
7563_01,True
7565_01,True
7565_02,True
7565_04,True
7567_01,True
7572_01,True
7573_01,True
7574_01,True
7576_01,True
7579_01,True
7580_01,True
7583_01,True
7584_01,True
7584_02,True
7585_01,True
7585_03,True
7585_04,True
7586_01,True
7588_01,True
7588_02,True
7594_01,True
7595_01,True
7596_01,True
7596_02,True
7598_01,True
7604_01,True
7606_01,True
7608_01,True
7609_02,True
7614_01,True
7616_01,True
7621_01,True
7624_01,True
7627_01,True
7628_01,True
7634_01,True
7635_01,True
7639_01,True
7641_01,True
7643_02,True
7644_01,True
7646_01,True
7646_03,True
7649_01,True
7650_01,True
7650_02,True
7650_03,True
7650_05,True
7652_01,True
7656_01,True
7660_01,True
7661_01,True
7665_01,True
7666_01,True
7667_01,True
7670_01,True
7683_01,True
7684_01,True
7688_01,True
7691_01,True
7693_01,True
7693_02,True
7697_01,True
7697_02,True
7698_01,True
7699_01,True
7702_01,True
7703_01,True
7703_02,True
7709_02,True
7710_01,True
7712_01,True
7713_01,True
7716_01,True
7719_01,True
7721_01,True
7723_01,True
7727_01,True
7729_01,True
7731_01,True
7738_01,True
7741_01,True
7741_02,True
7742_01,True
7742_02,True
7744_02,True
7746_01,True
7749_01,True
7749_02,True
7751_01,True
7753_01,True
7754_01,True
7755_01,True
7757_01,True
7757_02,True
7761_01,True
7761_02,True
7767_01,True
7771_01,True
7773_01,True
7774_01,True
7777_01,True
7778_02,True
7783_01,True
7784_01,True
7787_02,True
7790_01,True
7790_03,True
7800_01,True
7803_01,True
7803_02,True
7809_01,True
7809_02,True
7815_01,True
7820_01,True
7828_01,True
7829_01,True
7830_01,True
7830_02,True
7830_04,True
7833_02,True
7835_01,True
7837_01,True
7837_02,True
7842_01,True
7843_01,True
7845_01,True
7848_02,True
7850_01,True
7851_01,True
7853_03,True
7863_01,True
7864_01,True
7865_01,True
7865_02,True
7865_03,True
7870_01,True
7871_01,True
7872_06,True
7873_02,True
7875_01,True
7885_01,True
7888_01,True
7889_01,True
7890_02,True
7890_03,True
7891_01,True
7892_01,True
7894_01,True
7897_01,True
7899_03,True
7901_01,True
7902_02,True
7904_01,True
7904_02,True
7905_02,True
7907_01,True
7908_01,True
7913_01,True
7914_03,True
7918_01,True
7920_01,True
7930_01,True
7937_01,True
7937_02,True
7943_01,True
7943_02,True
7944_02,True
7945_01,True
7950_01,True
7950_02,True
7950_03,True
7950_04,True
7957_01,True
7958_01,True
7968_01,True
7970_01,True
7972_01,True
7973_01,True
7976_01,True
7982_01,True
7982_02,True
7983_01,True
7984_01,True
7984_02,True
7984_03,True
7984_04,True
7988_01,True
7989_01,True
7990_01,True
7993_01,True
7993_02,True
7995_01,True
7999_01,True
8000_01,True
8000_02,True
8003_01,True
8004_01,True
8005_02,True
8010_01,True
8012_01,True
8012_03,True
8014_01,True
8015_01,True
8015_03,True
8019_01,True
8023_01,True
8023_02,True
8025_01,True
8026_01,True
8027_01,True
8030_01,True
8031_01,True
8032_01,True
8032_02,True
8034_01,True
8035_01,True
8038_01,True
8038_02,True
8042_01,True
8043_01,True
8043_02,True
8043_03,True
8043_04,True
8046_01,True
8050_02,True
8050_03,True
8052_01,True
8055_01,True
8056_02,True
8057_01,True
8057_02,True
8060_02,True
8064_01,True
8064_02,True
8064_03,True
8066_01,True
8069_01,True
8071_01,True
8072_01,True
8081_01,True
8082_02,True
8086_01,True
8087_01,True
8089_01,True
8092_01,True
8092_02,True
8092_03,True
8094_01,True
8097_01,True
8098_02,True
8098_03,True
8098_04,True
8106_01,True
8115_01,True
8115_02,True
8117_01,True
8117_03,True
8119_01,True
8119_02,True
8120_01,True
8122_02,True
8128_01,True
8129_01,True
8129_02,True
8129_05,True
8130_01,True
8130_02,True
8130_03,True
8131_01,True
8135_01,True
8136_01,True
8138_01,True
8139_01,True
8140_01,True
8144_01,True
8144_03,True
8144_04,True
8147_02,True
8147_04,True
8149_01,True
8150_01,True
8150_02,True
8152_01,True
8153_01,True
8157_01,True
8157_04,True
8157_05,True
8157_06,True
8167_01,True
8168_06,True
8168_07,True
8168_08,True
8173_01,True
8175_01,True
8178_01,True
8186_01,True
8186_02,True
8186_03,True
8186_04,True
8190_01,True
8194_01,True
8200_01,True
8202_01,True
8202_02,True
8202_03,True
8202_04,True
8202_06,True
8203_01,True
8203_02,True
8207_01,True
8208_01,True
8209_01,True
8211_01,True
8214_01,True
8216_01,True
8218_01,True
8220_01,True
8221_01,True
8222_02,True
8224_01,True
8226_01,True
8226_02,True
8226_03,True
8227_01,True
8229_01,True
8231_01,True
8238_02,True
8242_01,True
8247_01,True
8251_01,True
8254_01,True
8260_02,True
8260_03,True
8261_01,True
8264_01,True
8266_01,True
8267_02,True
8268_01,True
8270_01,True
8271_01,True
8272_01,True
8272_02,True
8272_03,True
8275_01,True
8276_01,True
8276_02,True
8277_01,True
8279_01,True
8280_01,True
8289_01,True
8291_01,True
8292_01,True
8294_01,True
8298_01,True
8302_01,True
8306_02,True
8307_01,True
8307_02,True
8310_01,True
8314_02,True
8318_01,True
8318_04,True
8320_01,True
8322_02,True
8323_01,True
8324_01,True
8332_01,True
8334_01,True
8336_01,True
8338_01,True
8338_03,True
8342_01,True
8342_02,True
8344_01,True
8344_02,True
8344_03,True
8348_01,True
8354_01,True
8354_02,True
8356_01,True
8360_01,True
8360_02,True
8362_01,True
8365_01,True
8366_02,True
8368_01,True
8369_01,True
8369_02,True
8374_01,True
8376_01,True
8383_02,True
8383_03,True
8383_04,True
8383_06,True
8388_01,True
8390_01,True
8397_01,True
8398_01,True
8398_02,True
8401_01,True
8403_01,True
8404_01,True
8404_02,True
8405_01,True
8411_01,True
8414_01,True
8416_01,True
8418_01,True
8419_01,True
8419_02,True
8421_01,True
8427_01,True
8429_01,True
8431_01,True
8431_02,True
8433_01,True
8441_01,True
8444_01,True
8448_01,True
8449_02,True
8451_02,True
8452_02,True
8452_03,True
8456_01,True
8458_02,True
8458_03,True
8458_04,True
8458_05,True
8458_06,True
8459_01,True
8462_01,True
8465_02,True
8467_01,True
8469_01,True
8481_01,True
8482_01,True
8483_01,True
8486_01,True
8489_01,True
8491_01,True
8493_01,True
8494_01,True
8495_01,True
8500_01,True
8503_03,True
8504_01,True
8504_02,True
8508_01,True
8508_02,True
8508_03,True
8509_01,True
8512_01,True
8521_01,True
8522_01,True
8524_01,True
8537_01,True
8537_03,True
8541_02,True
8542_01,True
8549_01,True
8554_01,True
8556_02,True
8557_01,True
8557_02,True
8559_02,True
8559_03,True
8560_01,True
8569_01,True
8570_01,True
8573_02,True
8574_01,True
8574_03,True
8574_05,True
8577_01,True
8581_01,True
8581_02,True
8588_01,True
8595_01,True
8596_01,True
8596_02,True
8597_01,True
8598_01,True
8598_02,True
8602_01,True
8603_01,True
8604_02,True
8605_02,True
8605_03,True
8605_05,True
8606_01,True
8607_01,True
8610_01,True
8612_01,True
8613_01,True
8614_01,True
8615_01,True
8615_02,True
8616_02,True
8617_01,True
8618_02,True
8629_01,True
8636_01,True
8637_01,True
8637_02,True
8638_02,True
8638_03,True
8639_01,True
8641_01,True
8641_03,True
8645_01,True
8646_01,True
8646_03,True
8650_01,True
8656_03,True
8657_01,True
8658_01,True
8659_01,True
8663_01,True
8663_02,True
8668_01,True
8670_01,True
8671_01,True
8673_01,True
8675_01,True
8680_01,True
8681_01,True
8681_02,True
8681_03,True
8685_01,True
8687_01,True
8691_01,True
8693_01,True
8694_01,True
8695_01,True
8696_01,True
8704_01,True
8712_01,True
8719_01,True
8719_03,True
8720_01,True
8721_01,True
8722_01,True
8728_01,True
8728_05,True
8728_08,True
8734_01,True
8736_01,True
8741_01,True
8741_02,True
8750_01,True
8755_01,True
8757_01,True
8764_01,True
8766_01,True
8769_01,True
8770_01,True
8770_02,True
8770_06,True
8772_01,True
8774_01,True
8776_01,True
8782_01,True
8783_02,True
8785_02,True
8786_01,True
8789_01,True
8789_02,True
8790_01,True
8794_01,True
8796_03,True
8796_04,True
8796_06,True
8796_08,True
8799_01,True
8802_01,True
8806_01,True
8808_01,True
8812_01,True
8816_01,True
8816_02,True
8816_03,True
8816_04,True
8818_01,True
8820_01,True
8821_01,True
8823_01,True
8825_01,True
8827_01,True
8830_02,True
8831_01,True
8833_01,True
8835_01,True
8838_01,True
8841_01,True
8842_01,True
8844_01,True
8848_01,True
8849_01,True
8852_01,True
8854_01,True
8856_01,True
8858_01,True
8860_01,True
8860_02,True
8860_03,True
8861_01,True
8862_01,True
8862_03,True
8862_04,True
8862_05,True
8863_01,True
8864_01,True
8867_01,True
8867_02,True
8868_01,True
8869_01,True
8871_02,True
8872_01,True
8876_01,True
8880_01,True
8881_01,True
8884_01,True
8886_02,True
8886_03,True
8891_01,True
8891_02,True
8894_01,True
8896_01,True
8897_01,True
8899_01,True
8901_01,True
8902_01,True
8907_01,True
8922_01,True
8928_01,True
8930_01,True
8937_01,True
8938_01,True
8938_02,True
8939_01,True
8941_02,True
8942_01,True
8944_01,True
8944_02,True
8947_01,True
8948_02,True
8955_01,True
8956_02,True
8959_01,True
8961_01,True
8961_03,True
8964_02,True
8964_03,True
8968_01,True
8972_01,True
8973_01,True
8977_01,True
8978_01,True
8987_01,True
8988_01,True
8988_02,True
8988_03,True
8988_06,True
8988_08,True
8989_01,True
8989_02,True
8989_03,True
8997_01,True
8998_01,True
9001_01,True
9003_01,True
9004_01,True
9006_01,True
9008_02,True
9009_01,True
9010_01,True
9013_03,True
9014_01,True
9020_01,True
9024_01,True
9034_01,True
9034_02,True
9034_04,True
9036_01,True
9038_01,True
9041_01,True
9042_01,True
9043_01,True
9046_01,True
9049_01,True
9057_02,True
9069_01,True
9069_02,True
9069_03,True
9069_04,True
9072_01,True
9073_02,True
9074_01,True
9074_03,True
9074_04,True
9074_05,True
9074_06,True
9077_01,True
9077_02,True
9079_01,True
9081_03,True
9081_05,True
9081_07,True
9081_08,True
9085_03,True
9094_01,True
9094_02,True
9097_01,True
9098_01,True
9104_01,True
9107_01,True
9108_01,True
9114_01,True
9116_01,True
9118_01,True
9118_02,True
9125_01,True
9125_02,True
9126_01,True
9130_01,True
9131_02,True
9140_01,True
9141_01,True
9144_01,True
9149_01,True
9151_01,True
9152_01,True
9156_01,True
9157_02,True
9157_03,True
9157_04,True
9157_06,True
9157_07,True
9158_01,True
9159_01,True
9161_01,True
9163_01,True
9168_02,True
9169_01,True
9175_01,True
9176_01,True
9179_01,True
9179_03,True
9179_04,True
9181_01,True
9186_01,True
9190_01,True
9195_01,True
9195_02,True
9196_01,True
9196_02,True
9197_01,True
9197_03,True
9199_01,True
9201_01,True
9203_01,True
9205_01,True
9205_02,True
9205_03,True
9217_01,True
9218_01,True
9219_01,True
9220_02,True
9220_03,True
9222_01,True
9227_02,True
9227_03,True
9227_04,True
9230_01,True
9231_01,True
9231_02,True
9233_01,True
9235_01,True
9242_01,True
9244_01,True
9247_01,True
9248_01,True
9250_01,True
9251_01,True
9252_01,True
9252_02,True
9253_01,True
9256_01,True
9257_01,True
9259_01,True
9261_01,True
9264_01,True
9267_01,True
9267_02,True
9268_01,True
9270_01,True
9272_01,True
9274_01,True
9275_01,True
9275_03,True
9278_01,True
9279_01,True
9280_02,True
